do_age,gfr_in,speed,Y
44,55.61,-0.138710867,1
75,16.48,0.070843447,1
38,24.1,0.039834025,1
55,35.3,-0.264494806,1
70,33.35,0.068379928,1
65,7,2.16299843,1
74,24.65,-0.036502877,1
43,23.78,-0.264041384,1
43,25.09,-0.035339445,1
73,33.18,-0.313331119,1
48,27.87,0.026200925,1
72,32.83,-0.117586267,1
67,23.71,-0.057060448,1
54,39.64,-0.279397228,1
76,49.37,-0.083662006,1
45,70.1,-0.511028077,1
44,33.91,-0.224238649,1
72,43.96,-0.255844831,1
64,64.18,-0.529114544,1
48,41.97,-0.163550602,1
43,7,0.515535714,1
50,7,1.494285714,1
49,53.98,-0.083331637,1
50,7,2.17173913,1
59,27.14,0.089330179,1
55,24.45,0.133840002,1
60,50.74,-0.41964755,1
80,35.46,-0.222256063,1
71,46.24,-0.135404388,1
50,55.12,-0.231271792,1
55,38.25,0.003146117,1
65,36.74,-0.182634731,1
48,78.23,-0.555275261,1
55,48.72,-0.064271148,1
53,43.92,-0.164050593,1
47,39.65,-0.613813173,1
58,46.56,-0.245609966,1
48.2,44.65,-0.341798216,1
69,27.86,-0.079948259,1
50,102.74,-0.062218736,0
45,64.12,-0.142979197,0
70,80.4,-0.223118941,0
44,93.13,-0.4285837,0
40,84.36,0.124270818,0
70,54.33,-0.095355342,0
69,46.97,-0.152059997,0
31,43.19,0.666419324,0
43,57.72,-0.150690901,0
65,21.01,0.463715691,0
57,47.06,-0.089665078,0
38,63.07,0.022376392,0
41,85.11,-0.138248201,0
36,79.92,-0.216651175,0
54,36.05,-0.164384021,0
9,56.85,-0.035293658,0
62,62.87,-0.209576697,0
53,55.89,-0.053581014,0
68,46.05,0.07515587,0
61,39.31,0.017552786,0
46,63.21,-0.359227286,0
56,53.09,-0.142363242,0
41,68.75,-0.178431169,0
70,30.91,0.190518556,0
29,67.34,0.176706085,0
41,86.39,-0.1039434,0
50,51.54,-0.31386353,0
53,33.55,-0.477414984,0
53,83.84,-0.282197572,0
55,40.02,-0.258002067,0
38,47.2,0.034305556,0
56,54.9,-0.166976491,0
46,45.43,-0.091501719,0
46,22.91,0.25871902,0
32,77.02,-0.00372816,0
62,35.64,-0.056864946,0
72,21.78,0.257979394,0
61,35.15,-0.108374499,0
32,74.29,-0.367888116,0
39,85.74,-0.066454701,0
41,69.06,-0.160962517,0
52,78.47,-0.167330694,0
54,100.46,-0.150915678,0
13,115.43,-0.2179111,0
23,95.6,0.028420376,0
48,72.03,-0.04697928,0
49,44.47,0.331870286,0
35,50.76,-0.112541139,0
79,28.71,0.08249104,0
43,69.5,-0.016711202,0
50,91.94,-0.239794069,0
39,35.94,-0.173264965,0
25,65.68,-0.187187964,0
43,68.87,-0.173236086,0
61,89.99,-0.199686385,0
61,62.03,-0.276317911,0
62,71.48,0.01518699,0
48,54.27,-0.195374198,0
48,63.16,-0.315525197,0
63,17.39,0.673155941,0
62,59.32,0.035896069,0
41,73.84,0.05382565,0
7,53.82,-0.027495032,0
34,45.6,-0.220721248,0
52,148.04,-0.654161435,0
39,100.46,-0.105822308,0
27,62.97,0.024748721,0
66,58.41,-0.183469073,0
14,98.22,-0.325608882,0
49,53.4,-0.179105285,0
58,73.75,0.002939661,0
61,52.7,-0.102961507,0
57,48.01,0.120806143,0
64,7,3.618663594,0
53,100.7,-0.278592708,0
52,52.44,-0.188362988,0
48,53.2,-0.144227845,0
60,46.79,-0.389794174,0
60,20.96,0.465300853,0
56,48.86,-0.140762322,0
24,48.26,-0.01880928,0
7,55.85,-0.048773912,0
72,42.5,-0.035901328,0
50,91.2,-0.24123538,0
45,54.48,-0.189112649,0
16,88.93,-0.261411597,0
65,37.22,-0.178130038,0
49,36.07,0.02134738,0
47,44.32,-0.139053636,0
72,25.98,0.146114086,0
40,35.9,0.059910245,0
62,25.1,0.247068867,0
63,87.92,-0.270027878,0
35,60.66,-0.123275834,0
72,49.56,-0.031592298,0
53,38.48,-0.191844581,0
54,59.72,-0.468854655,0
59,64.07,-0.107932486,0
61,38.84,-0.109980121,0
36,57.83,-0.149156394,0
45,38.12,0.023578791,0
59,42.69,-0.168735848,0
52,59.54,-0.102172209,0
22,99.72,-0.049463498,0
55,86.74,0.164280388,0
39,54.16,-0.207516638,0
27,114.33,0.029064987,0
43,66.92,-0.324767062,0
51,115.25,-0.098388119,0
58,53.73,0.026265587,0
66,40.15,-0.380729046,0
56,45.7,0.207232899,0
29,60.46,-0.108810881,0
24,54.58,-0.315011604,0
40,55.26,0.03197671,0
24,51.93,0.36819451,0
21,49.56,0.087397051,0
48,55.76,0.198590705,0
49,48.3,-0.020626016,0
10,43.49,-0.12237538,0
52,55.14,0.165241722,0
43,55.43,-0.339690281,0
75,29.16,-0.176638177,0
45,50.52,0.126333075,0
48,60.95,-0.075767484,0
54,86.99,0.187908846,0
24,90.29,0.123350685,0
58,73.04,-0.266605383,0
66,60.65,-0.282716994,0
35,87.38,-0.074332356,0
55,114.18,-0.181267673,0
41,110.71,-0.48159841,0
25,135.54,-0.378264719,0
68,57.8,-0.023469234,0
77,40.19,-0.055351663,0
55,133.8,-0.523099677,0
28,47.37,0.105852027,0
52,53.54,0.285160114,0
63,83.37,-0.128744891,0
65,76.88,-0.139700832,0
56,85.73,-0.387394195,0
38,33.16,0.163404049,0
32,75.71,0.102464115,0
37,56.37,0.19478446,0
75,48.29,-0.196121646,0
38,67.64,-0.247623354,0
19,60.75,0.277212499,0
50,43.15,0.486658223,0
44,77.92,-0.105735486,0
60,35.12,-0.071550602,0
19,97.52,-0.038996136,0
23,118.78,-0.072317637,0
54,45.87,0.164720172,0
43,95.82,-0.154109557,0
45,64.1,-0.133606099,0
68,57.91,-0.140176948,0
47,65.24,-0.043223293,0
61,91.23,-0.197095254,0
79,35.09,-0.316695843,0
41,58.8,0.009062736,0
55,47.93,0.281586242,0
47,94.48,-0.425240325,0
46,101.4,-0.028599606,0
45,52.16,-0.156798354,0
69,29.44,0.277551329,0
63,53.02,0.031276491,0
12,70.14,0.158782282,0
47,77.27,-0.050537078,0
66,29.44,0.111442905,0
62,49.86,-0.03470156,0
35,77.35,-0.030252101,0
29,40.28,-0.203839606,0
56,29.15,0.010258127,0
9,90.01,0.001102442,0
42,76,-0.415042293,0
56,62.18,0.11131808,0
72,42.07,-0.034669279,0
43,55.56,-0.483553574,0
43,99.7,-0.339628409,0
54,43.76,-0.081970453,0
42,93.49,-0.394091185,0
73,56.05,-0.167891571,0
53,76.6,0.371041156,0
43,83.16,-0.0999519,0
48,75.44,-0.055963877,0
19,84.72,-0.145567066,0
52,63.31,-0.45637656,0
54,71.26,-0.015922911,0
73,53.61,-0.038991552,0
26,84.24,-0.139976832,0
49,108.53,-0.189891284,0
47,80.33,-0.092037451,0
54,49.5,-0.002976669,0
24,84.63,-0.041356493,0
34,91.32,0.22157154,0
58,53.5,-0.14790798,0
61,44.17,-0.02099033,0
15,94.03,-0.396306961,0
29,84.35,-0.059549496,0
42,46.52,-0.088066508,0
52,69.32,-0.418527232,0
17,109.39,-0.036710068,0
70,37.23,-0.217435098,0
51,63.47,-0.140472921,0
52,44.29,-0.011500128,0
69,40.45,-0.023017835,0
64,63.56,-0.078513571,0
69,63.1,-0.183006217,0
32,95.94,-0.007159838,0
30,74.75,0.130599434,0
45,81.74,-0.164982287,0
60,40.2,0.084589692,0
66,46.85,0.138596817,0
56,48.72,-0.102660769,0
22,100.32,-0.225092403,0
41,65.58,-0.37705622,0
45,91.84,-0.321873921,0
73,65.51,-0.138711133,0
39,50.98,-0.026611743,0
58,91.47,-0.229828151,0
54,69.45,-0.210275696,0
46,72.58,-0.130938588,0
79,36.01,0.117147752,0
57,69.55,0.200513505,0
53,81.34,-0.370439286,0
61,52.15,-0.208005753,0
54,83.31,-0.158301023,0
54,40.52,-0.177518348,0
60,64.95,0.038270517,0
52,82.6,-0.189916355,0
26,40.5,0.39037037,0
74,45.32,-0.289878641,0
26,61.82,-0.102112806,0
51,36.83,-0.028298187,0
59,64.19,-0.307368749,0
36,61.61,-0.090748438,0
34,55.68,0.037170868,0
30,61.74,-0.23837468,0
56,49,-0.102657547,0
38,56.97,-0.111191245,0
48,107.37,-0.307514224,0
40,54.6,-0.334357767,0
66,7,2.734188312,0
11,59.5,-0.085714286,0
57,29.9,0.536038647,0
47,29.68,0.502267239,0
17,93.04,-0.283784358,0
41,40.76,0.128017664,0
62,78.22,0.016099793,0
53,34.75,-0.222360661,0
45,47.56,-0.340245751,0
43,74.6,-0.17635231,0
60,61.74,-0.080696047,0
76,36.81,-0.380874762,0
14,60.01,-0.052013998,0
79,29.89,0.18421276,0
57,59.82,-0.174161979,0
54,60.01,0.423683965,0
64,58.15,-0.053955288,0
21,86.46,-0.154406662,0
52,89.86,-0.389388028,0
46,68.66,-0.68289872,0
56,74.21,-0.203965099,0
48,29.97,-0.344822434,0
42,40.07,0,0
31,52.29,-0.002868617,0
43,36.23,-0.494706439,0
44,90.32,-0.14104019,0
54,51.37,-0.067028633,0
25,52.35,0.024739294,0
53,81.9,-0.099259259,0
23,75.53,-0.028421378,0
22,73.21,-0.201120347,0
49,58.62,0.007399117,0
19,70,-0.217824176,0
35,98.94,-0.186504728,0
43,70.23,-0.17824851,0
44,52.02,-0.328828377,0
19,120.12,-0.341547342,0
18,80.19,-0.122976224,0
26,63.71,-0.125023357,0
63,61.12,-0.113965061,0
45,91.58,-0.326023465,0
36,72.71,-0.14715995,0
61,60.46,-0.039887742,0
49,57.8,-0.19894958,0
27,79.82,-0.300538712,0
45,54.62,0.161850338,0
64,53.29,-0.399487211,0
60,44.41,-0.238602659,0
50,53.48,-0.127023453,0
35,74.38,-0.146858012,0
53,52.73,-0.215952731,0
38,71.19,-0.08466779,0
23,90.65,-0.129151778,0
49,84.92,-0.19812312,0
21,110.52,-0.136823785,0
52,55.28,0.14692049,0
42,63.86,-0.347635453,0
32,68.81,-0.30078135,0
60,92.84,0.297683359,0
32,60.07,-0.265542053,0
56,44.42,0.174953755,0
53,75.76,-0.05137157,0
17,63.14,-0.40004719,0
52,132.94,-0.111166402,0
69,40.02,-0.201055722,0
52,62.81,-0.082061546,0
43,37.58,-0.159222644,0
48.2,62.41,0.028590736,0
44,67.31,0.942201926,0
45,81.99,0.302664669,0
27,77.84,-0.127500856,0
38,63.91,-0.12552374,0
40,63.12,-0.082296348,0
39,125.59,-0.388786357,0
21,85.06,-0.319253636,0
56,66.77,-0.159752384,0
46,66.84,-0.014961101,0
43,63.83,-0.109394287,0
54,64.93,0.002739923,0
30,57.5,0.116336606,0
22,77.7,0.138162386,0
